<?xml version = '1.0' encoding = 'UTF-8'?>
<relationalModel class="oracle.dbtools.crest.model.design.relational.RelationalDesign" name="Relational_1" id="A70372E8-350A-F8C6-E6A6-DC2800EA3484" mainViewID="8BCEE59A-009F-CD11-350A-5BABED0764E6">
<createdBy>logonrmlocal</createdBy>
<createdTime>2023-10-19 12:06:55 UTC</createdTime>
<ownerDesignName>Aula1910</ownerDesignName>
<shouldBeOpen>false</shouldBeOpen>
<selectedRDBMSSite>32076570-2523-435C-2E92-BF29817DFF70</selectedRDBMSSite>
</relationalModel>