<?xml version = '1.0' encoding = 'UTF-8'?>
<Diagram class="oracle.dbtools.crest.swingui.logical.DPVLogical" name="Logical" id="27084BDA-B997-F3E9-1689-E89738974CC4">
<createdBy>logonrmlocal</createdBy>
<modifiedBy>logonrmlocal</modifiedBy>
<createdTime>2023-10-19 12:07:11 UTC</createdTime>
<autoRoute>false</autoRoute>
<boxInbox>true</boxInbox>
<showLegend>false</showLegend>
<showLabels>false</showLabels>
<showRelAttributes>false</showRelAttributes>
<gridEnabled>false</gridEnabled>
<showGrid>false</showGrid>
<diagramColor>-1</diagramColor>
<display>false</display>
<notation>2</notation>
<objectViews>
<OView class="oracle.dbtools.crest.swingui.logical.TVEntity" oid="0CD92964-53FA-80DF-370F-753E8EC209E3" otype="Entity" vid="9340BADB-14CF-9DB3-E16D-4B8EBEC71EA4">
<hideElementsInCurrentOnly>false</hideElementsInCurrentOnly>
<bounds x="79" y="46" width="214" height="134"/>
</OView>
<OView class="oracle.dbtools.crest.swingui.logical.TVEntity" oid="128FE18A-7E41-DD45-7A9A-C01A74470274" otype="Entity" vid="535026B6-A31E-9A47-E7B2-319DEA6996C8">
<hideElementsInCurrentOnly>false</hideElementsInCurrentOnly>
<bounds x="384" y="236" width="194" height="110"/>
</OView>
<OView class="oracle.dbtools.crest.swingui.logical.TVEntity" oid="7C1E93A5-065F-4FB5-D5B0-CE4A373C2C62" otype="Entity" vid="737ACE46-648E-C762-CF58-942C7F2B809B">
<hideElementsInCurrentOnly>false</hideElementsInCurrentOnly>
<bounds x="73" y="235" width="217" height="112"/>
</OView>
<OView class="oracle.dbtools.crest.swingui.logical.TVEntity" oid="C7255961-569B-97DC-0DE8-75AF530ED2DA" otype="Entity" vid="A4E9B50D-24C4-DCD1-3C37-ECEFEC6D5E43">
<hideElementsInCurrentOnly>false</hideElementsInCurrentOnly>
<bounds x="381" y="50" width="188" height="114"/>
</OView>
</objectViews>
<connectors>
<Connector class="oracle.dbtools.crest.swingui.logical.TVRelation" oid="240E860D-6BC0-F5A5-8687-BA618730E110" otype="Relation" vid_source="9340BADB-14CF-9DB3-E16D-4B8EBEC71EA4" vid_target="A4E9B50D-24C4-DCD1-3C37-ECEFEC6D5E43">
<hideElementsInCurrentOnly>false</hideElementsInCurrentOnly>
<backgroundColor>-16777216</backgroundColor>
<lineWidth>1</lineWidth>
<points>
<point x="293" y="122"/>
<point x="381" y="122"/>
</points>
</Connector>
<Connector class="oracle.dbtools.crest.swingui.logical.TVRelation" oid="E1D76670-E98E-4721-F156-B88B401CA201" otype="Relation" vid_source="9340BADB-14CF-9DB3-E16D-4B8EBEC71EA4" vid_target="535026B6-A31E-9A47-E7B2-319DEA6996C8">
<hideElementsInCurrentOnly>false</hideElementsInCurrentOnly>
<backgroundColor>-16777216</backgroundColor>
<lineWidth>1</lineWidth>
<points>
<point x="293" y="177"/>
<point x="389" y="236"/>
</points>
</Connector>
<Connector class="oracle.dbtools.crest.swingui.logical.TVRelation" oid="FCAC57C6-7B46-BD7A-C703-63D6E9662190" otype="Relation" vid_source="9340BADB-14CF-9DB3-E16D-4B8EBEC71EA4" vid_target="737ACE46-648E-C762-CF58-942C7F2B809B">
<hideElementsInCurrentOnly>false</hideElementsInCurrentOnly>
<backgroundColor>-16777216</backgroundColor>
<lineWidth>1</lineWidth>
<points>
<point x="184" y="180"/>
<point x="184" y="235"/>
</points>
</Connector>
</connectors>
<arcs>
<Arc class="oracle.dbtools.crest.swingui.logical.TVArc" oid="D26572C3-52AD-C33B-203A-28A04449ADE1" otype="Arc" vid="25A6BA6F-503A-0985-51BF-FD1EDBE15174">
<hideElementsInCurrentOnly>false</hideElementsInCurrentOnly>
<bounds x="59" y="26" width="254" height="174"/>
</Arc>
</arcs>
</Diagram>