<?xml version = '1.0' encoding = 'UTF-8'?>
<Entity class="oracle.dbtools.crest.model.design.logical.Entity" directorySegmentName="seg_0" id="0CD92964-53FA-80DF-370F-753E8EC209E3" name="T_FUNCIONARIO">
<createdBy>logonrmlocal</createdBy>
<createdTime>2023-10-19 12:07:11 UTC</createdTime>
<ownerDesignName>Aula1910</ownerDesignName>
<engineerTo>
<item key="A70372E8-350A-F8C6-E6A6-DC2800EA3484" value="true"/>
</engineerTo>
<adequatelyNormalized>NO</adequatelyNormalized>
<expectedVolumes>0</expectedVolumes>
<fwdEngineeringStrategyName>Single Table</fwdEngineeringStrategyName>
<growthPercent>0</growthPercent>
<growthType>Year</growthType>
<maxVolumes>9999999</maxVolumes>
<minVolumes>0</minVolumes>
<normalForm>Third</normalForm>
<attributes itemClass="oracle.dbtools.crest.model.design.logical.Attribute">
<Attribute name="id_funcionario" id="719D6142-18AE-6D0E-6183-B9C1E8A879E9">
<createdBy>logonrmlocal</createdBy>
<createdTime>2023-10-19 12:09:33 UTC</createdTime>
<ownerDesignName>Aula1910</ownerDesignName>
<engineerTo>
<item key="A70372E8-350A-F8C6-E6A6-DC2800EA3484" value="true"/>
</engineerTo>
<useDomainConstraints>false</useDomainConstraints>
<use>1</use>
<logicalDatatype>LOGDT011</logicalDatatype>
<ownDataTypeParameters>,,</ownDataTypeParameters>
</Attribute>
</attributes>
<identifiers itemClass="oracle.dbtools.crest.model.design.logical.CandidateKey">
<identifier id="4D632710-0877-CD63-A330-4C2CCED747BF" name="T_FUNCIONARIO PK">
<createdBy>logonrmlocal</createdBy>
<createdTime>2023-10-19 12:09:47 UTC</createdTime>
<ownerDesignName>Aula1910</ownerDesignName>
<engineerTo>
<item key="A70372E8-350A-F8C6-E6A6-DC2800EA3484" value="true"/>
</engineerTo>
<pk>true</pk>
<usedAttributes>
<attributeRef>719D6142-18AE-6D0E-6183-B9C1E8A879E9</attributeRef>
</usedAttributes>
</identifier>
</identifiers>
</Entity>