<?xml version = '1.0' encoding = 'UTF-8'?>
<Entity class="oracle.dbtools.crest.model.design.logical.Entity" directorySegmentName="seg_0" id="128FE18A-7E41-DD45-7A9A-C01A74470274" name="T_PSICOLOGO">
<createdBy>logonrmlocal</createdBy>
<createdTime>2023-10-19 12:07:57 UTC</createdTime>
<ownerDesignName>Aula1910</ownerDesignName>
<engineerTo>
<item key="A70372E8-350A-F8C6-E6A6-DC2800EA3484" value="true"/>
</engineerTo>
<adequatelyNormalized>NO</adequatelyNormalized>
<expectedVolumes>0</expectedVolumes>
<fwdEngineeringStrategyName>Single Table</fwdEngineeringStrategyName>
<growthPercent>0</growthPercent>
<growthType>Year</growthType>
<maxVolumes>9999999</maxVolumes>
<minVolumes>0</minVolumes>
<normalForm>Third</normalForm>
<attributes itemClass="oracle.dbtools.crest.model.design.logical.Attribute">
<Attribute name="id_funcionario" id="B3D862E6-04DB-77FB-BF27-876A13D7F70D">
<createdBy>logonrmlocal</createdBy>
<createdTime>2023-10-19 12:10:33 UTC</createdTime>
<generatorID>E1D76670-E98E-4721-F156-B88B401CA201</generatorID>
<ownerDesignName>Aula1910</ownerDesignName>
<engineerTo>
<item key="A70372E8-350A-F8C6-E6A6-DC2800EA3484" value="true"/>
</engineerTo>
<referedAttribute>719D6142-18AE-6D0E-6183-B9C1E8A879E9</referedAttribute>
<useDomainConstraints>false</useDomainConstraints>
<use>1</use>
<logicalDatatype>LOGDT011</logicalDatatype>
<ownDataTypeParameters>,,</ownDataTypeParameters>
</Attribute>
</attributes>
<identifiers itemClass="oracle.dbtools.crest.model.design.logical.CandidateKey">
<identifier id="66844E32-BA37-E5BF-9C9B-CB7345A643C1" name="T_PSICOLOGO PK">
<createdBy>logonrmlocal</createdBy>
<createdTime>2023-10-19 12:15:20 UTC</createdTime>
<ownerDesignName>Aula1910</ownerDesignName>
<engineerTo>
<item key="A70372E8-350A-F8C6-E6A6-DC2800EA3484" value="true"/>
</engineerTo>
<pk>true</pk>
<usedAttributes>
<attributeRef>B3D862E6-04DB-77FB-BF27-876A13D7F70D</attributeRef>
</usedAttributes>
</identifier>
</identifiers>
</Entity>