<?xml version = '1.0' encoding = 'UTF-8'?>
<Entity class="oracle.dbtools.crest.model.design.logical.Entity" directorySegmentName="seg_0" id="7C1E93A5-065F-4FB5-D5B0-CE4A373C2C62" name="T_NUTRICIONISTA">
<createdBy>logonrmlocal</createdBy>
<createdTime>2023-10-19 12:08:06 UTC</createdTime>
<ownerDesignName>Aula1910</ownerDesignName>
<engineerTo>
<item key="A70372E8-350A-F8C6-E6A6-DC2800EA3484" value="true"/>
</engineerTo>
<adequatelyNormalized>NO</adequatelyNormalized>
<expectedVolumes>0</expectedVolumes>
<fwdEngineeringStrategyName>Single Table</fwdEngineeringStrategyName>
<growthPercent>0</growthPercent>
<growthType>Year</growthType>
<maxVolumes>9999999</maxVolumes>
<minVolumes>0</minVolumes>
<normalForm>Third</normalForm>
<attributes itemClass="oracle.dbtools.crest.model.design.logical.Attribute">
<Attribute name="id_funcionario" id="F501CF7C-93E1-8566-DAB6-B46BC244BB1F">
<createdBy>logonrmlocal</createdBy>
<createdTime>2023-10-19 12:10:42 UTC</createdTime>
<generatorID>FCAC57C6-7B46-BD7A-C703-63D6E9662190</generatorID>
<ownerDesignName>Aula1910</ownerDesignName>
<engineerTo>
<item key="A70372E8-350A-F8C6-E6A6-DC2800EA3484" value="true"/>
</engineerTo>
<referedAttribute>719D6142-18AE-6D0E-6183-B9C1E8A879E9</referedAttribute>
<useDomainConstraints>false</useDomainConstraints>
<use>1</use>
<logicalDatatype>LOGDT011</logicalDatatype>
<ownDataTypeParameters>,,</ownDataTypeParameters>
</Attribute>
</attributes>
<identifiers itemClass="oracle.dbtools.crest.model.design.logical.CandidateKey">
<identifier id="F2B01448-F788-FBEA-3961-9DC596CADB4D" name="T_NUTRICIONISTA PK">
<createdBy>logonrmlocal</createdBy>
<createdTime>2023-10-19 12:15:12 UTC</createdTime>
<ownerDesignName>Aula1910</ownerDesignName>
<engineerTo>
<item key="A70372E8-350A-F8C6-E6A6-DC2800EA3484" value="true"/>
</engineerTo>
<pk>true</pk>
<usedAttributes>
<attributeRef>F501CF7C-93E1-8566-DAB6-B46BC244BB1F</attributeRef>
</usedAttributes>
</identifier>
</identifiers>
</Entity>