<?xml version = '1.0' encoding = 'UTF-8'?>
<Entity class="oracle.dbtools.crest.model.design.logical.Entity" directorySegmentName="seg_0" id="C7255961-569B-97DC-0DE8-75AF530ED2DA" name="T_MEDICO">
<createdBy>logonrmlocal</createdBy>
<createdTime>2023-10-19 12:07:36 UTC</createdTime>
<ownerDesignName>Aula1910</ownerDesignName>
<engineerTo>
<item key="A70372E8-350A-F8C6-E6A6-DC2800EA3484" value="true"/>
</engineerTo>
<adequatelyNormalized>NO</adequatelyNormalized>
<expectedVolumes>0</expectedVolumes>
<fwdEngineeringStrategyName>Single Table</fwdEngineeringStrategyName>
<growthPercent>0</growthPercent>
<growthType>Year</growthType>
<maxVolumes>9999999</maxVolumes>
<minVolumes>0</minVolumes>
<normalForm>Third</normalForm>
<attributes itemClass="oracle.dbtools.crest.model.design.logical.Attribute">
<Attribute name="id_funcionario" id="C8FF3D86-E9D0-6403-9AF5-B103DAF048CA">
<createdBy>logonrmlocal</createdBy>
<createdTime>2023-10-19 12:10:19 UTC</createdTime>
<generatorID>240E860D-6BC0-F5A5-8687-BA618730E110</generatorID>
<ownerDesignName>Aula1910</ownerDesignName>
<engineerTo>
<item key="A70372E8-350A-F8C6-E6A6-DC2800EA3484" value="true"/>
</engineerTo>
<referedAttribute>719D6142-18AE-6D0E-6183-B9C1E8A879E9</referedAttribute>
<useDomainConstraints>false</useDomainConstraints>
<use>1</use>
<logicalDatatype>LOGDT011</logicalDatatype>
<ownDataTypeParameters>,,</ownDataTypeParameters>
</Attribute>
</attributes>
<identifiers itemClass="oracle.dbtools.crest.model.design.logical.CandidateKey">
<identifier id="AB0B1DFF-98F2-F48E-B8E0-552FDE9DE154" name="T_MEDICO PK">
<createdBy>logonrmlocal</createdBy>
<createdTime>2023-10-19 12:15:17 UTC</createdTime>
<ownerDesignName>Aula1910</ownerDesignName>
<engineerTo>
<item key="A70372E8-350A-F8C6-E6A6-DC2800EA3484" value="true"/>
</engineerTo>
<pk>true</pk>
<usedAttributes>
<attributeRef>C8FF3D86-E9D0-6403-9AF5-B103DAF048CA</attributeRef>
</usedAttributes>
</identifier>
</identifiers>
</Entity>