<?xml version = '1.0' encoding = 'UTF-8'?>
<Relation class="oracle.dbtools.crest.model.design.logical.Relation" name="Relation_2" directorySegmentName="seg_0" id="240E860D-6BC0-F5A5-8687-BA618730E110">
<createdBy>logonrmlocal</createdBy>
<createdTime>2023-10-19 12:10:19 UTC</createdTime>
<ownerDesignName>Aula1910</ownerDesignName>
<engineerTo>
<item key="A70372E8-350A-F8C6-E6A6-DC2800EA3484" value="true"/>
</engineerTo>
<sourcePk>4D632710-0877-CD63-A330-4C2CCED747BF</sourcePk>
<arc>D26572C3-52AD-C33B-203A-28A04449ADE1</arc>
<identifying>false</identifying>
<optionalSource>true</optionalSource>
<optionalTarget>false</optionalTarget>
<sourceCardinality>1</sourceCardinality>
<sourceEntity>0CD92964-53FA-80DF-370F-753E8EC209E3</sourceEntity>
<targetCardinalityString>1</targetCardinalityString>
<targetEntity>C7255961-569B-97DC-0DE8-75AF530ED2DA</targetEntity>
<transferable>true</transferable>
<deleteRule>NO ACTION</deleteRule>
</Relation>